word_id,word,source
1,thrive ,eiken
2,grind,eiken
3,confiscate,eiken
4,derive,eiken
5,detest,eiken
6,mock,eiken
7,feign,eiken
8,elicit,eiken
9,apprehend,eiken
10,commiserate,eiken
11,condone,eiken
12,epitomize,eiken
13,fluctuate,eiken
14,forgo,eiken
15,frisk,eiken
16,insulate,eiken
17,liquidate,eiken
18,meander,eiken
19,meddle,eiken
20,pamper,eiken
21,peruse,eiken
22,pique,eiken
23,plagiarize,eiken
24,plummet,eiken
25,rehash,eiken
26,implant,eiken
27,indoctrinate,eiken
28,inculcate,eiken
29,enlighten,eiken
30,implement,eiken
31,undergo,eiken
32,manipulate,eiken
33,address,eiken
34,fabricate,eiken
35,administer,eiken
36,enact,eiken
37,duplicate,eiken
38,orchestrate,eiken
39,inaugurate,eiken
40,persist,eiken
41,enhance,eiken
42,invigorate,eiken
43,fortify,eiken
44,expedite,eiken
45,galvanize,eiken
46,bolster,eiken
47,sustain,eiken
48,facilitate,eiken
49,supplement,eiken
50,subsidize,eiken
51,amend,eiken
52,rectify,eiken
53,endorse,eiken
54,exhort,eiken
55,coerce,eiken
56,implore,eiken
57,instigate,eiken
58,trigger,eiken
59,incite,eiken
60,muster,eiken
61,extol,eiken
62,emulate,eiken
63,entice,eiken
64,dazzle,eiken
65,sprout,eiken
66,burgeon,eiken
67,detect,eiken
68,debunk,eiken
69,unravel,eiken
70,excavate,eiken
71,recoup,eiken
72,recuperate,eiken
73,disseminate,eiken
74,prevail,eiken
75,propagete,eiken
76,transmit,eiken
77,garner,eiken
78,garnish,eiken
79,infer,eiken
80,surmise,eiken
81,allude,eiken
82,verify,eiken
83,vindicate,eiken
84,validate,eiken
85,corroborate,eiken
86,substantiate,eiken
87,reiterate,eiken
88,enunciate,eiken
89,underscore,eiken
90,flaunt,eiken
91,alleviate,eiken
92,allay,eiken
93,appease,eiken
94,defuse,eiken
95,mollify,eiken
96,placate,eiken
97,modulate,eiken
98,intervene,eiken
99,curb,eiken
100,oppress,eiken
101,subjugate,eiken
102,supress,eiken
103,subvert,eiken
104,encroach,eiken
105,deter,eiken
106,retard,eiken
107,avert,eiken
108,balk,eiken
109,stifle,eiken
110,quell,eiken
111,quench,eiken
112,curtail,eiken
113,diminish,eiken
114,eclipse,eiken
115,debase,eiken
116,demean,eiken
117,detract,eiken
118,dwindle,eiken
119,deviate,eiken
120,elude,eiken
121,circumvent,eiken
122,plague,eiken
123,torment,eiken
124,confound,eiken
125,stump,eiken
126,dismiss,eiken
127,dissect,eiken
128,refute,eiken
129,rebuff,eiken
130,rebuke,eiken
131,denounce,eiken
132,rebut,eiken
133,reprimand,eiken
134,berate,eiken
135,lambaste,eiken
136,seclude,eiken
137,ostracize,eiken
138,purge,eiken
139,repatriate,eiken
140,repulse,eiken
141,rebel,eiken
142,renege,eiken
143,renounce,eiken
144,revel,eiken
145,suspend,eiken
146,abort,eiken
147,adjourn,eiken
148,nullify,eiken
149,revoke,eiken
150,thwart,eiken
151,disband,eiken
152,dislodge,eiken
153,disperse,eiken
154,eradicate,eiken
155,rout,eiken
156,wreak,eiken
157,contaminate,eiken
158,exacerbate,eiken
159,aggravate,eiken
160,abdicate,eiken
161,abscond,eiken
162,tamper,eiken
163,juggle,eiken
164,cajole,eiken
165,defraud,eiken
166,swindle,eiken
167,dupe,eiken
168,mutter,eiken
169,stammer,eiken
170,invoke,eiken
171,crunch,eiken
172,dawdle,eiken
173,undermine,eiken
174,diagnose,eiken
175,blur,eiken
176,squabble,eiken
177,vie,eiken
178,bluff,eiken
179,broach,eiken
180,clench,eiken
181,perish,eiken
182,ransack,eiken
183,heave,eiken
184,wrench,eiken
185,beckon,eiken
186,deploy,eiken
187,detonate,eiken
188,dispatch,eiken
189,encompass,eiken
190,encrypt,eiken
191,exonerate,eiken
192,fetter,eiken
193,gloat,eiken
194,haggle,eiken
195,alienate,eiken
196,shun,eiken
197,dissuade,eiken
198,admonish,eiken
199,slam,eiken
200,squander,eiken
201,subordinate,eiken
202,succumb,eiken
203,tally,eiken
204,teeter,eiken
205,tout,eiken
206,traverse,eiken
207,veer,eiken
208,veto,eiken
209,weather,eiken
210,wince,eiken
211,scuttle,eiken
212,agonize,eiken
213,bask,eiken
214,concoct,eiken
215,delve,eiken
216,evade,eiken
217,interject,eiken
218,linger,eiken
219,pawn,eiken
220,procure,eiken
221,reclaim,eiken
222,recur,eiken
223,reminisce,eiken
224,replenish,eiken
225,scrawl,eiken
226,hurtle,eiken
227,disparage,eiken
228,incur,eiken
229,tarnish,eiken
230,deplete,eiken
231,project,eiken
232,founder,eiken
233,justify,eiken
234,diversity,eiken
235,extinction,eiken
236,specimen,eiken
237,perspective,eiken
238,enforcement,eiken
239,breakthrough,eiken
240,myriad,eiken
241,perception,eiken
242,endowment,eiken
243,gist,eiken
244,influx,eiken
245,backlash,eiken
246,onset,eiken
247,paternity,eiken
248,preservation,eiken
249,verdict,eiken
250,credibility,eiken
251,momentum,eiken
252,brevity,eiken
253,buffer,eiken
254,knack,eiken
255,viability,eiken
256,auspice,eiken
257,requisite,eiken
258,prerequisite,eiken
259,feat,eiken
260,gravity,eiken
261,jinx,eiken
262,omen,eiken
263,precedent,eiken
264,prelude,eiken
265,harbinger,eiken
266,philanthropy,eiken
267,camaraderie,eiken
268,phase,eiken
269,facet,eiken
270,faÃ§ade,eiken
271,incentive,eiken
272,morale,eiken
273,gratuity,eiken
274,proponent,eiken
275,advocate,eiken
276,recipient,eiken
277,pundit,eiken
278,descendant,eiken
279,prosecutor,eiken
280,consort,eiken
281,culprit,eiken
282,fugitive,eiken
283,adherent,eiken
284,mentor,eiken
285,novice,eiken
286,recluse,eiken
287,surrogate,eiken
288,throng,eiken
289,peer,eiken
290,prodigy,eiken
291,counterpart,eiken
292,aptitude,eiken
293,caliber,eiken
294,demeanor,eiken
295,posture,eiken
296,prudence,eiken
297,zeal,eiken
298,prestige,eiken
299,eminence,eiken
300,conviviality,eiken
301,elocution,eiken
302,agility,eiken
303,allure,eiken
304,candor,eiken
305,decorum,eiken
306,fidelity,eiken
307,dexterity,eiken
308,ebullience,eiken
309,exhilaration,eiken
310,duplicity,eiken
311,indiscretion,eiken
312,indolence,eiken
313,audacity,eiken
314,grudge,eiken
315,tenure,eiken
316,duration,eiken
317,affinity,eiken
318,proximity,eiken
319,hoax,eiken
320,allegory,eiken
321,apex,eiken
322,zenith,eiken
323,ascension,eiken
324,conglomerate,eiken
325,offshot,eiken
326,consignment,eiken
327,conveyance,eiken
328,durability,eiken
329,footage,eiken
330,gadget,eiken
331,glitch,eiken
332,echelon,eiken
333,speculation,eiken
334,hype,eiken
335,benchmark,eiken
336,integration,eiken
337,contraband,eiken
338,liability,eiken
339,libel,eiken
340,quota,eiken
341,perk,eiken
342,annotation,eiken
343,backlog,eiken
344,collation,eiken
345,counterfeit,eiken
346,forgery,eiken
347,asylum,eiken
348,haven,eiken
349,hub,eiken
350,venue,eiken
351,vicinity,eiken
352,validity,eiken
353,efficacy,eiken
354,longevity,eiken
355,mortality,eiken
356,demise,eiken
357,immunity,eiken
358,remedy,eiken
359,transfusion,eiken
360,bout,eiken
361,quarantine,eiken
362,contingency,eiken
363,concussion,eiken
364,blister,eiken
365,prognosis,eiken
366,penchant,eiken
367,propensity,eiken
368,savor,eiken
369,banter,eiken
370,jest,eiken
371,animosity,eiken
372,aversion,eiken
373,acrimony,eiken
374,affront,eiken
375,misgiving,eiken
376,scruple,eiken
377,grievance,eiken
378,eulogy,eiken
379,flattery,eiken
380,homage,eiken
381,defiance,eiken
382,deportation,eiken
383,decadence,eiken
384,derision,eiken
385,disguise,eiken
386,conjecture,eiken
387,fallacy,eiken
388,decree,eiken
389,ordinance,eiken
390,precept,eiken
391,elimination,eiken
392,exorcism,eiken
393,transgression,eiken
394,infringement,eiken
395,disparity,eiken
396,dissension,eiken
397,discrepancy,eiken
398,dearth,eiken
399,deluge,eiken
400,conflagration,eiken
401,spillage,eiken
402,outage,eiken
403,hazard,eiken
404,jeopardy,eiken
405,pandemonium,eiken
406,predicament,eiken
407,mayhem,eiken
408,plight,eiken
409,hindrance,eiken
410,impediment,eiken
411,impasse,eiken
412,stalemate,eiken
413,blunder,eiken
414,fiasco,eiken
415,culpability,eiken
416,catalyst,eiken
417,dispute,eiken
418,feud,eiken
419,hassle,eiken
420,antipathy,eiken
421,atrocity,eiken
422,vandalism,eiken
423,devastation,eiken
424,havoc,eiken
425,wreckage,eiken
426,rubble,eiken
427,regime,eiken
428,exodus,eiken
429,onslaught,eiken
430,amnesty,eiken
431,barrage,eiken
432,brunt,eiken
433,cessation,eiken
434,cipher,eiken
435,retribution,eiken
436,repeal,eiken
437,provision,eiken
438,repercussion,eiken
439,reprisal,eiken
440,faction,eiken
441,rampage,eiken
442,menace,eiken
443,upheaval,eiken
444,commotion,eiken
445,concession,eiken
446,curfew,eiken
447,ultimatum,eiken
448,truancy,eiken
449,hindsight,eiken
450,maxim,eiken
451,memento,eiken
452,cinch,eiken
453,vent,eiken
454,solace,eiken
455,trance,eiken
456,felicity,eiken
457,entity,eiken
458,premises,eiken
459,pretext,eiken
460,creed,eiken
461,quandary,eiken
462,depiction,eiken
463,farce,eiken
464,juncture,eiken
465,misnomer,eiken
466,clique,eiken
467,clout,eiken
468,gimmick,eiken
469,ordeal,eiken
470,polarization,eiken
471,prerogative,eiken
472,ramification,eiken
473,altruistic,eiken
474,profound,eiken
475,skeptical,eiken
476,widespread,eiken
477,anonumous,eiken
478,contentions,eiken
479,authentic,eiken
480,paramount,eiken
481,replicate,eiken
482,lucrative,eiken
483,clumsy,eiken
484,defunct,eiken
485,discernible,eiken
486,futile,eiken
487,prolific,eiken
488,inscrutable,eiken
489,manifest,eiken
490,ubiquitous,eiken
491,occidental,eiken
492,exemplary,eiken
493,commensurate,eiken
494,transient,eiken
495,ostensible,eiken
496,aesthetically,eiken
497,marginally,eiken
498,indigenous,eiken
499,inherent,eiken
500,intrinsic,eiken
501,latent,eiken
502,extrinsic,eiken
503,covert,eiken
504,clandestine,eiken
505,classified,eiken
506,ulterior,eiken
507,surreptitiously,eiken
508,equivalent,eiken
509,tantamount,eiken
510,rigorous,eiken
511,stringent,eiken
512,austere,eiken
513,caustic,eiken
514,scarce,eiken
515,subtle,eiken
516,meager,eiken
517,sophisticated,eiken
518,sublime,eiken
519,exquisite,eiken
520,susceptible,eiken
521,vulnerable,eiken
522,impervious,eiken
523,impending,eiken
524,immunent,eiken
525,frugal,eiken
526,thrifty,eiken
527,adamant,eiken
528,obstinate,eiken
529,stubborn,eiken
530,candid,eiken
531,meekly,eiken
532,affluent,eiken
533,superfluous,eiken
534,engrossed,eiken
535,exuberant,eiken
536,frenetic,eiken
537,infatuated,eiken
538,ecstatic,eiken
539,dubious,eiken
540,ambivalent,eiken
541,precarious,eiken
542,inclusive,eiken
543,exclusive,eiken
544,abject,eiken
545,deplorable,eiken
546,abridged,eiken
547,succinct,eiken
548,adriot,eiken
549,adept,eiken
550,inept,eiken
551,vigorous,eiken
552,avid,eiken
553,antagonistic,eiken
554,arbitrary,eiken
555,belligerent,eiken
556,sinister,eiken
557,blatantly,eiken
558,bluntly,eiken
559,curtl,eiken
560,aloof,eiken
561,apathetic,eiken
562,contagious,eiken
563,epidemic,eiken
564,endemic,eiken
565,infectious,eiken
566,infested,eiken
567,pandemic,eiken
568,pervasive,eiken
569,rife,eiken
570,contemplative,eiken
571,scrupulous,eiken
572,meticulous,eiken
573,cursory,eiken
574,erratic,eiken
575,erroneous,eiken
576,derogatory,eiken
577,detrimental,eiken
578,diffident,eiken
579,dissident,eiken
580,disgruntled,eiken
581,demoralized,eiken
582,destitute,eiken
583,dilapidated,eiken
584,emaciated,eiken
585,unscathed,eiken
586,unprecedented,eiken
587,ferocious,eiken
588,filthy,eiken
589,flagrant,eiken
590,grueling,eiken
591,immaculate,eiken
592,impeccable,eiken
593,pristine,eiken
594,intangible,eiken
595,invincible,eiken
596,incoherent,eiken
597,incessant,eiken
598,intermittently,eiken
599,sporadic,eiken
600,omniscient,eiken
601,pedantic,eiken
602,inquisitive,eiken
603,insatiable,eiken
604,perceptible,eiken
605,notable,eiken
606,benign,eiken
607,affable,eiken
608,robust,eiken
609,buoyant,eiken
610,resplendent,eiken
611,tenacious,eiken
612,lenient,eiken
613,negligent,eiken
614,perfunctory,eiken
615,spurious,eiken
616,treacherous,eiken
617,devious,eiken
618,drab,eiken
619,eerie,eiken
620,menial,eiken
621,morbid,eiken
622,lethargic,eiken
623,subdued,eiken
624,tepid,eiken
625,gullible,eiken
626,imprudent,eiken
627,heedless,eiken
628,inadvertently,eiken
629,haphazardly,eiken
630,gaudy,eiken
631,flamboyantly,eiken
632,hereditary,eiken
633,homogeneous,eiken
634,hygienic,eiken
635,deceased,eiken
636,terrestrial,eiken
637,torrid,eiken
638,traumatic,eiken
639,gregarious,eiken
640,palatable,eiken
641,fiscal,eiken
642,indicative,eiken
643,auspicious,eiken
644,illustrious,eiken
645,pinpoint,eiken
646,eloquent,eiken
647,arduous,eiken
648,laudable,eiken
649,dainty,eiken
650,conducive,eiken
651,innocuous,eiken
652,integral,eiken
653,valiant,eiken
654,serene,eiken
655,fraught,eiken
656,reclusive,eiken
657,flimsy,eiken
658,catastrophically,eiken
659,dogmatic,eiken
660,insular,eiken
661,intimidated,eiken
662,languishing,eiken
663,obsequious,eiken
664,squeamish,eiken
665,uncouth,eiken
666,petrified,eiken
667,ponderous,eiken
668,rowdy,eiken
669,somber,eiken
670,banal,eiken
671,relentless,eiken
672,elusive,eiken
673,excruciatingly,eiken
674,fraudulent,eiken
675,irreparable,eiken
676,lackluster,eiken
677,lurid,eiken
678,roundabout,eiken
679,shrewd,eiken
680,varaciously,eiken
681,sedentary,eiken
682,archaic,eiken
683,embedded,eiken
684,inclement,eiken
685,facetious,eiken
686,docile,eiken
687,momentous,eiken
688,nonchalant,eiken
689,pragmatic,eiken
690,retroactively,eiken
691,salient,eiken
692,prostrate,eiken
693,obligatory,eiken
694,oblivious,eiken
695,teeming,eiken
696,appalled,eiken
697,implicit,eiken
698,bellicose,eiken
699,vibrant,eiken
700,subsequent,eiken
701,stimulate,eiken
702,retrieve,eiken
703,fuel,eiken
704,halt,eiken
705,heed ,eiken
706,expand,eiken
707,forebode,eiken
708,clarify,eiken
709,elongate,eiken
710,liken,eiken
711,spurn,eiken
712,stray,eiken
713,predominate,eiken
714,elaborate,eiken
715,retain,eiken
716,bestow,eiken
717,improvise,eiken
718,uphold,eiken
719,mesmerize,eiken
720,stipulate,eiken
721,guarantee,eiken
722,reconcile,eiken
723,revert,eiken
724,rebate,eiken
725,reimburse,eiken
726,remit,eiken
727,reciprocate,eiken
728,redeem,eiken
729,accentuate,eiken
730,accelerate,eiken
731,rejuvenate,eiken
732,revitalize,eiken
733,emigrate,eiken
734,migrate,eiken
735,reinforce,eiken
736,recapitulate,eiken
737,revise,eiken
738,rederess,eiken
739,refurbish,eiken
740,suffocate,eiken
741,smother,eiken
742,drain,eiken
743,drench,eiken
744,decant,eiken
745,deregulate,eiken
746,extract,eiken
747,exterminate,eiken
748,extort,eiken
749,repel,eiken
750,retort,eiken
751,encapsuate,eiken
752,entrust,eiken
753,entail,eiken
754,induce,eiken
755,integrate,eiken
756,ingratiate,eiken
757,jeer,eiken
758,sneer,eiken
759,deride,eiken
760,discharge,eiken
761,dispel,eiken
762,displace,eiken
763,distend,eiken
764,oust,eiken
765,evict,eiken
766,expel,eiken
767,evacuate,eiken
768,relegate,eiken
769,dismantle,eiken
770,disrupt,eiken
771,discard,eiken
772,ditch,eiken
773,soar,eiken
774,surge,eiken
775,skyrocket,eiken
776,contend,eiken
777,contradict,eiken
778,belittle,eiken
779,deprecate,eiken
780,deface,eiken
781,defame,eiken
782,mediate,eiken
783,meditate,eiken
783,contemplate,eiken
784,deteriorate,eiken
785,decay,eiken
786,adorn,eiken
787,emblazon,eiken
788,divert,eiken
790,deflect,eiken
791,diverge,eiken
792,empathize,eiken
793,empower,eiken
794,embolden,eiken
795,embody,eiken
796,materialize,eiken
797,embezzle,eiken
798,embark,eiken
799,embrace,eiken
800,obstruct,eiken
801,hamper,eiken
802,hinder,eiken
803,transcend,eiken
804,transpose,eiken
805,uncover,eiken
806,undertake,eiken
807,unearth,eiken
808,unfold,eiken
809,unsettle,eiken
810,incriminate,eiken
811,instill,eiken
812,enroll,eiken
813,engulf,eiken
814,engender,eiken
815,ensue,eiken
816,enforce,eiken
817,stagger,eiken
818,waver,eiken
819,exasperate,eiken
820,resent,eiken
821,surmount,eiken
822,surpass,eiken
823,impair,eiken
824,jeopardize,eiken
825,mar,eiken
826,mortify,eiken
827,humiliate,eiken
828,proclaim,eiken
829,profess,eiken
830,scatter,eiken
831,congregate,eiken
832,allocate,eiken
833,synthesize,eiken
834,pledge,eiken
835,waive,eiken
836,assimilate,eiken
837,merge,eiken
838,censure,eiken
839,supplant,eiken
840,stabilize,eiken
841,intrigue,eiken
842,penetrate,eiken
843,probe,eiken
844,abuse,eiken
845,poach,eiken
846,cease,eiken
847,circulate,eiken
848,claim,eiken
849,ratify,eiken
850,forfeit,eiken
851,implicate,eiken
852,perpetrate,eiken
853,monopolize,eiken
854,smuggle,eiken
855,expire,eiken
856,compile,eiken
857,hatch,eiken
858,hibernate,eiken
859,metabolize,eiken
860,reap,eiken
861,saturate,eiken
862,inoculate,eiken
863,evolve,eiken
864,inject,eiken
865,erupt,eiken
866,wriggle,eiken
867,guzzle,eiken
868,nudge,eiken
869,sprawl,eiken
870,jiggle,eiken
871,dangle,eiken
872,invert,eiken
873,fumble,eiken
874,quiver,eiken
875,assault,eiken
876,bombard,eiken
877,incapcitate,eiken
878,devastate,eiken
879,excel,eiken
880,esteem,eiken
881,overrun,eiken
882,simulate,eiken
883,collaborate,eiken
884,commence,eiken
885,provoke,eiken
886,evaporate,eiken
887,amplify,eiken
888,scrutinize,eiken
889,submerge,eiken
890,permeate,eiken
891,affix,eiken
892,discern,eiken
893,coax,eiken
894,denote,eiken
895,exemplify,eiken
896,harness,eiken
897,chafe,eiken
898,loom,eiken
899,rumble,eiken
900,snare,eiken
901,steer,eiken
902,evoke,eiken
903,dub,eiken
904,grapple,eiken
905,exert,eiken
906,grumble,eiken
907,hover,eiken
908,precede,eiken
909,reside,eiken
910,specify,eiken
911,topple,eiken
912,usher,eiken
913,withhold,eiken
914,shatter,eiken
915,dice,eiken
916,garble,eiken
917,flourish,eiken
918,dart,eiken
919,diversity,eiken
920,rationale,eiken
921,restraint,eiken
922,stem,eiken
923,gorge,eiken
924,zest,eiken
925,complex,eiken
926,artifact,eiken
927,reversal,eiken
928,altruism,eiken
929,mimicry,eiken
930,coincidence,eiken
931,oversight,eiken
932,privilege,eiken
933,liaison,eiken
934,assessment,eiken
935,bias,eiken
936,incidence,eiken
937,amity,eiken
938,pageant,eiken
939,paragon,eiken
940,parameter,eiken
941,patronage,eiken
942,erudition,eiken
943,expertise,eiken
944,affiliation,eiken
945,platitude,eiken
946,tinge,eiken
947,travesty,eiken
948,abundance,eiken
949,metaphor,eiken
950,infirmity,eiken
951,deficiency,eiken
952,hygiene,eiken
953,antibiotic,eiken
954,tantrum,eiken
955,cramp,eiken
956,spasm,eiken
957,tumor,eiken
958,diagnosis,eiken
959,qualm,eiken
960,enzyme,eiken
961,graft,eiken
962,mutation,eiken
963,microbe,eiken
964,epicenter,eiken
965,coma,eiken
966,paralisis,eiken
967,parasite,eiken
968,autopsy,eiken
969,incubator,eiken
970,hypnosis,eiken
971,limb,eiken
972,delusion,eiken
973,deprivation,eiken
974,disposal,eiken
975,dissolution,eiken
976,disgust,eiken
977,deference,eiken
978,diversion,eiken
979,detour,eiken
980,thesis,eiken
981,discourse,eiken
982,dissertation,eiken
983,inception,eiken
984,advent,eiken
985,yardstick,eiken
986,criterion,eiken
987,expenditure,eiken
988,preoceeds,eiken
989,premium,eiken
990,utility,eiken
991,balance,eiken
992,dividend,eiken
993,surplus,eiken
994,deficit,eiken
995,deduction,eiken
996,dues,eiken
997,insinuation,eiken
998,innuendo,eiken
999,connotation,eiken
1000,craze,eiken
1001,fad,eiken
1002,infusion,eiken
1003,intake,eiken
1004,archaeologist,eiken
1005,conunterfeiter,eiken
1006,mediator,eiken
1007,debtor,eiken
1008,outcast,eiken
1009,upstart,eiken
1010,bigot,eiken
1011,proprietor,eiken
1012,beneficiary,eiken
1013,warden,eiken
1014,matrimony,eiken
1015,spouse,eiken
1016,naturalization,eiken
1017,infancy,eiken
1018,lineage,eiken
1019,condolence,eiken
1020,leftover,eiken
1021,amenity,eiken
1022,keepsake,eiken
1023,thrift,eiken
1024,subsistence,eiken
1025,habitat,eiken
1026,inhabitant,eiken
1027,foliage,eiken
1028,fertility,eiken
1029,ebb,eiken
1030,primate,eiken
1031,pesticide,eiken
1032,famine,eiken
1033,irrigation,eiken
1034,palate,eiken
1035,guise,eiken
1036,pretense,eiken
1037,morsel,eiken
1038,ratio ,eiken
1039,modicum,eiken
1040,intervention,eiken
1041,collision,eiken
1042,agenda,eiken
1043,elevation,eiken
1044,entrepreneur,eiken
1045,luminary,eiken
1046,monopoly,eiken
1047,stake,eiken
1048,coverage,eiken
1049,hallmark,eiken
1050,remuneration,eiken
1051,confiscation,eiken
1052,conspiracy,eiken
1053,asset,eiken
1054,commitment,eiken
1055,inauguration,eiken
1056,bankruptcy,eiken
1057,embargo,eiken
1058,rundown,eiken
1059,debit,eiken
1060,biribery,eiken
1061,transaction,eiken
1062,imposition,eiken
1063,loophole,eiken
1064,bibliography,eiken
1065,caricature,eiken
1066,chronicle,eiken
1067,specter,eiken
1068,apparition,eiken
1069,stowage,eiken
1070,repository,eiken
1071,gradient,eiken
1072,hemisphere,eiken
1073,attic,eiken
1074,coverage,eiken
1075,pasture,eiken
1076,auditorium,eiken
1077,niche,eiken
1078,attribute,eiken
1079,trait,eiken
1080,disposition,eiken
1081,idiosyncrasy,eiken
1082,temerament,eiken
1083,proclivity,eiken
1084,compassion,eiken
1085,complacency,eiken
1086,composure,eiken
1087,compunction,eiken
1088,compliance,eiken
1089,ambivalence,eiken
1090,obscurity,eiken
1091,boon,eiken
1092,bounty,eiken
1093,perseverance,eiken
1094,affability,eiken
1095,magnetism,eiken
1096,lure,eiken
1097,enticement,eiken
1098,captivation,eiken
1099,hunch,eiken
1100,whim,eiken
1101,credulity,eiken
1102,alacrity,eiken
1103,intoxication,eiken
1104,preoccupation,eiken
1105,introvert,eiken
1106,clemency,eiken
1107,condescension,eiken
1108,drawback,eiken
1109,oblivion,eiken
1110,quirk,eiken
1111,malice,eiken
1112,abomination,eiken
1113,integrity,eiken
1114,ingenuity,eiken
1115,conceit,eiken
1116,impartiality,eiken
1117,absurdity,eiken
1118,apathy,eiken
1119,tedium,eiken
1120,veracity,eiken
1121,verfication,eiken
1122,certitude,eiken
1123,convinction,eiken
1124,impulse,eiken
1125,levity,eiken
1126,thread,eiken
1127,threshold,eiken
1128,equity,eiken
1129,constellation,eiken
1130,deity,eiken
1131,fragility,eiken
1132,multitude,eiken
1133,tactics,eiken
1134,precedence,eiken
1135,effigy,eiken
1136,mirage,eiken
1137,pendulum,eiken
1138,culmination,eiken
1139,exhortation,eiken
1140,confinement,eiken
1141,sobriety,eiken
1142,heritage,eiken
1143,impetus,eiken
1144,tribute,eiken
1145,novelty,eiken
1146,courier,eiken
1147,windfall,eiken
1148,alienation,eiken
1149,tenet,eiken
1150,respite,eiken
1151,stigma,eiken
1152,rendition,eiken
1153,ballot,eiken
1154,brawl,eiken
1155,crux,eiken
1156,contraption,eiken
1157,incense,eiken
1158,alignment,eiken
1159,axis,eiken
1160,cricumlocution,eiken
1161,configuration,eiken
1162,dimension,eiken
1163,gait,eiken
1164,perimeter,eiken
1165,plagiarism,eiken
1166,recourse,eiken
1167,status quo,eiken
1168,combustion,eiken
1169,delineation,eiken
1170,diameter,eiken
1171,milestone,eiken
1172,vernacular,eiken
1173,semblance,eiken
1174,inducement,eiken
1175,contamination,eiken
1176,patent,eiken
1177,commodity,eiken
1178,prone,eiken
1179,communal,eiken
1180,diverse,eiken
1181,seamless,eiken
1182,vicarious,eiken
1183,virtually,eiken
1184,mandatory,eiken
1185,abruptly,eiken
1186,potential,eiken
1187,indispensable,eiken
1188,contiguous,eiken
1189,crude,eiken
1190,confidential,eiken
1191,spontaneous,eiken
1192,circumstantial,eiken
1193,overdue,eiken
1194,conspicuous,eiken
1195,tentative,eiken
1196,demographic,eiken
1197,exploratory,eiken
1198,hypothetical,eiken
1199,outright,eiken
1200,medieval,eiken
1201,contmporary,eiken
1202,stagnant,eiken
1203,bleak,eiken
1204,sluggish,eiken
1205,bionic,eiken
1206,genetically,eiken
1207,hybrid,eiken
1208,extinct,eiken
1209,dormant,eiken
1210,toxic,eiken
1211,respiratory,eiken
1212,chronic,eiken
1213,addictive,eiken
1214,perennial,eiken
1215,inevitable,eiken
1216,imerative,eiken
1217,ethical,eiken
1218,plausible,eiken
1219,psychologically,eiken
1220,psychic,eiken
1221,adolescent,eiken
1222,dispirited,eiken
1223,distressing,eiken
1224,empathic,eiken
1225,emphatic,eiken
1226,inanimate,eiken
1227,inane,eiken
1228,innate,eiken
1229,incredulous,eiken
1230,intolerant,eiken
1231,inhospitable,eiken
1232,intractable,eiken
1233,intrusive,eiken
1234,invalid,eiken
1235,intricate,eiken
1236,invariably,eiken
1237,irrational,eiken
1238,irresolute,eiken
1239,irrelevant,eiken
1240,irate,eiken
1241,drastically,eiken
1242,overly,eiken
1243,obsolete,eiken
1244,stale,eiken
1245,decrepit,eiken
1246,gratified,eiken
1247,blissful,eiken
1248,bountiful,eiken
1249,decent,eiken
1250,personable,eiken
1251,receptive,eiken
1252,amicable,eiken
1253,propitious,eiken
1254,benevolently,eiken
1255,dutifully,eiken
1256,expansively,eiken
1257,adequate,eiken
1258,efficacious,eiken
1259,enormous,eiken
1260,invaluable,eiken
1261,explicit,eiken
1262,tranquil,eiken
1263,virtuous,eiken
1264,urbane,eiken
1265,cozy,eiken
1266,compatible,eiken
1267,genial,eiken
1268,submissive,eiken
1269,amenable,eiken
1270,feasible,eiken
1271,copious,eiken
1272,discreet,eiken
1273,hilarious,eiken
1274,jubilant,eiken
1275,pliable,eiken
1276,assertive,eiken
1277,devout,eiken
1278,intimate,eiken
1279,optimum,eiken
1280,placid,eiken
1281,assiduous,eiken
1282,authoritative,eiken
1283,full-fledged,eiken
1284,pertinent,eiken
1285,transcendent,eiken
1286,crucial,eiken
1287,distinct,eiken
1288,legitimate,eiken
1289,versatile,eiken
1290,eligible,eiken
1291,ingenious,eiken
1292,judicious,eiken
1293,consummate,eiken
1294,hostile,eiken
1295,possessed,eiken
1296,vicious,eiken
1297,frivolous,eiken
1298,petulant,eiken
1299,capricious,eiken
1300,deceptive,eiken
1301,unruly,eiken
1302,malevolent,eiken
1303,crabby,eiken
1304,haughty,eiken
1305,obnoxious,eiken
1306,poignant,eiken
1307,inert,eiken
1308,vulgar,eiken
1309,trivial,eiken
1310,redundant,eiken
1311,disorientated,eiken
1312,arcane,eiken
1313,fallible,eiken
1314,formidable,eiken
1315,confrontational,eiken
1316,corrosive,eiken
1317,lousy,eiken
1318,menacingly,eiken
1319,recklessly,eiken
1320,ruthless,eiken
1321,rash,eiken
1322,naÃ¯ve,eiken
1323,strenuous,eiken
1324,trite,eiken
1325,tedious,eiken
1326,stern,eiken
1327,devoid,eiken
1328,dreary,eiken
1329,hectic,eiken
1330,dismal,eiken
1331,frail,eiken
1332,illicit,eiken
1333,bizarre,eiken
1334,coarse,eiken
1335,lax,eiken
1336,pathetic,eiken
1337,lethal,eiken
1338,disheveled,eiken
1339,bedraggled,eiken
1340,ambiguous,eiken
1341,equivocal,eiken
1342,obscure,eiken
1343,initially,eiken
1344,consequently,eiken
1345,ultimately,eiken
1346,namely,eiken
1347,nominally,eiken
1348,barren,eiken
1349,sterile,eiken
1350,cardinal,eiken
1351,rudimentary,eiken
1352,static,eiken
1353,stationary,eiken
1354,countless,eiken
1355,miscellaneous,eiken
1356,dense,eiken
1357,commonplace,eiken
1358,mediocre,eiken
1359,transparent,eiken
1360,opaque,eiken
1361,bland,eiken
1362,stupendous,eiken
1363,schematic,eiken
1364,statistically,eiken
1365,unanimously,eiken
1366,monotonously,eiken
1367,impulsive,eiken
1368,reticent,eiken
1369,habitual,eiken
1370,flabbergasted,eiken
1371,destined,eiken
1372,disciplinary,eiken
1373,divine,eiken
1374,jumbled,eiken
1375,lanky,eiken
1376,migratory,eiken
1377,opposable,eiken
1378,polytheistic,eiken
1379,succulent,eiken
1380,synonymous,eiken
1381,adjacent,eiken
1382,paltry,eiken
1383,bucolic,eiken
1384,celibate,eiken
1385,pedestrain,eiken
1386,lunar,eiken
1387,simultaneous,eiken
1388,lavish,eiken
1389,quaint,eiken
1390,conventional,eiken
1391,bewitched,eiken
1392,comprehensive,eiken
1393,tremendous,eiken
1394,exponential,eiken
1395,idyllic,eiken
1396,pompous,eiken
1397,resonant,eiken
1398,rustic,eiken
1399,sparse,eiken
1400,edible,eiken
1401,decipher,eiken
1402,defy,eiken
1403,tackle,eiken
1404,antagonize,eiken
1405,precipitate,eiken
1406,capitulate,eiken
1407,vanquish,eiken
1408,brandish,eiken
1409,canvass,eiken
1410,contravene,eiken
1411,edify,eiken
1412,lobby,eiken
1413,matriculate,eiken
1414,slump,eiken
1415,augment,eiken
1416,blanch,eiken
1417,consign,eiken
1418,delineate,eiken
1419,blurt,eiken
1420,deduce,eiken
1421,impoverish,eiken
1422,purvey,eiken
1423,endow,eiken
1424,jostle,eiken
1425,levitate,eiken
1426,spawn,eiken
1427,traffic,eiken
1428,eschew,eiken
1429,hedge,eiken
1430,mount,eiken
1431,hypothesize,eiken
1432,hypnotize,eiken
1433,consecrate,eiken
1434,contrive,eiken
1435,concede,eiken
1436,concur,eiken
1437,consolidate,eiken
1438,acclaim,eiken
1439,eulogize,eiken
1440,prosecute,eiken
1441,adjudicate,eiken
1442,anoint,eiken
1443,arbitrate,eiken
1444,convict,eiken
1445,litigate,eiken
1446,ameliorate,eiken
1447,revamp,eiken
1448,reinstate,eiken
1449,resuscitate,eiken
1450,ambush,eiken
1451,waylay,eiken
1452,lurch,eiken
1453,lurk,eiken
1454,astound,eiken
1455,baffle,eiken
1456,perturb,eiken
1457,rankle,eiken
1458,agitate,eiken
1459,bemoan,eiken
1460,lament,eiken
1461,niggle,eiken
1462,pester,eiken
1463,debilitate,eiken
1464,demur,eiken
1465,abate,eiken
1466,pare,eiken
1467,prune,eiken
1468,truncate,eiken
1469,obfuscate,eiken
1470,obliterate,eiken
1471,equivocate,eiken
1472,diffuse,eiken
1473,proliferate,eiken
1474,promulgate,eiken
1475,emanate,eiken
1476,emancipate,eiken
1477,embroil,eiken
1478,encumber,eiken
1479,entrench,eiken
1480,enumerate,eiken
1481,preclude,eiken
1482,prescribe,eiken
1483,prevaricate,eiken
1484,externalize,eiken
1485,exult,eiken
1486,expiate,eiken
1487,cogitate,eiken
1488,ponder,eiken
1489,banish,eiken
1490,debar,eiken
1491,harry,eiken
1492,infiltrate,eiken
1493,assail,eiken
1494,ravage,eiken
1495,plunder,eiken
1496,loot,eiken
1497,intercept,eiken
1498,impede,eiken
1499,stunt,eiken
1500,persecute,eiken
1501,stymie,eiken
1502,annihilate,eiken
1503,pulverize,eiken
1504,override,eiken
1505,foil,eiken
1506,foist,eiken
1507,inhiit,eiken
1508,recant,eiken
1509,repudiate,eiken
1510,revile,eiken
1511,satirize,eiken
1512,recede,eiken
1513,relinquish,eiken
1514,reprieve,eiken
1515,secede,eiken
1516,slash,eiken
1517,snip,eiken
1518,snatch,eiken
1519,snitch,eiken
1520,plilfer,eiken
1521,abrogate,eiken
1522,absolve,eiken
1523,rescind,eiken
1524,decry,eiken
1525,denigrate,eiken
1526,detain,eiken
1527,disavow,eiken
1528,disdain,eiken
1529,dissemble,eiken
1530,erode,eiken
1531,corrode,eiken
1532,molt,eiken
1533,mutate,eiken
1534,bereave,eiken
1535,exorcise,eiken
1536,exploit,eiken
1537,expunge,eiken
1538,extricate,eiken
1539,extrapolate,eiken
1540,extradite,eiken
1541,execute,eiken
1542,interrogate,eiken
1543,legislate,eiken
1544,plead,eiken
1545,solicit,eiken
1546,torture,eiken
1547,scavenge,eiken
1548,scour,eiken
1549,scrabble,eiken
1550,villify,eiken
1551,wrangle,eiken
1552,drawl,eiken
1553,elucidate,eiken
1554,percolate,eiken
1555,pervade,eiken
1556,append,eiken
1557,upend,eiken
1558,dribble,eiken
1559,gnaw,eiken
1560,regale,eiken
1561,swill,eiken
1562,snarl,eiken
1563,faze,eiken
1564,foment,eiken
1565,straddle,eiken
1566,strut,eiken
1567,swarm,eiken
1568,accrue,eiken
1569,chasten,eiken
1570,clump,eiken
1571,clutter,eiken
1572,glean,eiken
1573,hobble,eiken
1574,huddle,eiken
1575,ignite,eiken
1576,incinerate,eiken
1577,jilt,eiken
1578,prod,eiken
1579,snub,eiken
1580,sojourn,eiken
1581,tangle,eiken
1582,thrust,eiken
1583,usurp,eiken
1584,vacillate,eiken
1585,accost,eiken
1586,attenuate,eiken
1587,beguile,eiken
1588,clobber,eiken
1589,cringe,eiken
1590,dissipate,eiken
1591,downplay,eiken
1592,frazzle,eiken
1593,hoard,eiken
1594,impound,eiken
1595,irk,eiken
1596,mangle,eiken
1597,negate,eiken
1598,parry,eiken
1599,procrastinate,eiken
1600,quadruple,eiken
1601,reverberate,eiken
1602,shroud,eiken
1603,smear,eiken
1604,spell,eiken
1605,splurge,eiken
1606,squint,eiken
1607,streak,eiken
1608,strive,eiken
1609,swerve,eiken
1610,taunt,eiken
1611,throb,eiken
1612,inundate,eiken
1613,resume,eiken
1614,lapse,eiken
1615,wage,eiken
1616,confer,eiken
1617,malign,eiken
1618,conjugate,eiken
1619,decimate,eiken
1620,custody,eiken
1621,faculty,eiken
1622,municipality,eiken
1623,nucleus,eiken
1624,paucity,eiken
1625,spur,eiken
1626,proposition,eiken
1627,setback,eiken
1628,array,eiken
1629,conscience,eiken
1630,dictum,eiken
1631,fervor,eiken
1632,freight,eiken
1633,mortgate,eiken
1634,inscription,eiken
1635,latitude,eiken
1636,propriety,eiken
1637,rapport,eiken
1638,hypothesis,eiken
1639,icon,eiken
1640,dispensation,eiken
1641,deferment,eiken
1642,overture,eiken
1643,patriot,eiken
1644,pollination,eiken
1645,alliance,eiken
1646,consortium,eiken
1647,delegation,eiken
1648,coalition,eiken
1649,fraternity,eiken
1650,charade,eiken
1651,charlatan,eiken
1652,catastrophe,eiken
1653,calamity,eiken
1654,expulsion,eiken
1655,extermination,eiken
1656,annihilation,eiken
1657,outcry,eiken
1658,outrage,eiken
1659,legislature,eiken
1660,juror,eiken
1661,jurisdiction,eiken
1662,accusation,eiken
1663,indictment,eiken
1664,litigation,eiken
1665,impeachment,eiken
1666,legitimacy,eiken
1667,affidavit,eiken
1668,plaintiff,eiken
1669,perpetrator,eiken
1670,accomplice,eiken
1671,complicity,eiken
1672,plead,eiken
1673,condemnation,eiken
1674,deliberation,eiken
1675,acquittal,eiken
1676,bail,eiken
1677,detention,eiken
1678,infraction,eiken
1679,fraud,eiken
1680,espionage,eiken
1681,larceny,eiken
1682,perjury,eiken
1683,felony,eiken
1684,commutation,eiken
1685,impunity,eiken
1686,idemnity,eiken
1687,aberration,eiken
1688,onus,eiken
1689,amendment,eiken
1690,abstention,eiken
1691,anulment,eiken
1692,suffrage,eiken
1693,constituency,eiken
1694,ailment,eiken
1695,malady,eiken
1696,migraine,eiken
1697,inflammation,eiken
1698,anatomy,eiken
1699,anesthetic,eiken
1700,panacea,eiken
1701,autism,eiken
1702,neurologist,eiken
1703,orthodontist,eiken
1704,embryo,eiken
1705,pinnacle,eiken
1706,pitfall,eiken
1707,pivot,eiken
1708,precursor,eiken
1709,predator,eiken
1710,premonition,eiken
1711,prevalence,eiken
1712,precipitation,eiken
1713,preclusion,eiken
1714,predilection,eiken
1715,prevarication,eiken
1716,posterity,eiken
1717,progeny,eiken
1718,rebuttal,eiken
1719,renunciation,eiken
1720,projection,eiken
1721,prophecy,eiken
1722,propagation,eiken
1723,protagonist,eiken
1724,protrusion,eiken
1725,reconciliation,eiken
1726,referendum,eiken
1727,reparation,eiken
1728,restoration,eiken
1729,resurgence,eiken
1730,resurrection,eiken
1731,turmoil,eiken
1732,treason,eiken
1733,retaliation,eiken
1734,plot,eiken
1735,conscription,eiken
1736,infighting,eiken
1737,insurrection,eiken
1738,neutrality,eiken
1739,onrush,eiken
1740,persecution,eiken
1741,bunker,eiken
1742,debacle,eiken
1743,defector,eiken
1744,disarmament,eiken
1745,misharp,eiken
1746,fatality,eiken
1747,toll,eiken
1748,rebellion,eiken
1749,schism,eiken
1750,maneuver,eiken
1751,massacre,eiken
1752,rapprochment,eiken
1753,surveillance,eiken
1754,furlough,eiken
1755,inmate,eiken
1756,debris,eiken
1757,derilict,eiken
1758,fortification,eiken
1759,fortress,eiken
1760,fortitude,eiken
1761,inertia,eiken
1762,inhibition,eiken
1763,atheist,eiken
1764,heretic,eiken
1765,benediction,eiken
1766,benefactor,eiken
1767,blasphemy,eiken
1768,conversion,eiken
1769,consecration,eiken
1770,denomination,eiken
1771,sanctuary,eiken
1772,incarnation,eiken
1773,discontent,eiken
1774,dissonance,eiken
1775,divulgence,eiken
1776,destitution,eiken
1777,demolition,eiken
1778,depletion,eiken
1779,detriment,eiken
1780,deviation,eiken
1781,solidarity,eiken
1782,sovereignty,eiken
1783,conformist,eiken
1784,deputy,eiken
1785,envoy,eiken
1786,monarch,eiken
1787,laureate,eiken
1788,cortex,eiken
1789,molecule,eiken
1790,cognition,eiken
1791,cluster,eiken
1792,abyss,eiken
1793,affliction,eiken
1794,addendum,eiken
1795,avarice,eiken
1796,blemish,eiken
1797,brink,eiken
1798,coffer,eiken
1799,constriction,eiken
1800,dynasty,eiken
1801,entreaty,eiken
1802,epitaph,eiken
1803,foray,eiken
1804,hermit,eiken
1805,impurity,eiken
1806,instignia,eiken
1807,jubilee,eiken
1808,ledger,eiken
1809,malleability,eiken
1810,repose,eiken
1811,precinct,eiken
1812,pseudoscience,eiken
1813,resonance,eiken
1814,sanctity,eiken
1815,sanitation,eiken
1816,savvy,eiken
1817,servitude,eiken
1818,stealth,eiken
1819,swamp,eiken
1820,tyranny,eiken
1821,velocity,eiken
1822,vestige,eiken
1823,volition,eiken
1824,adulation,eiken
1825,anachronism,eiken
1826,arrears,eiken
1827,autonomy,eiken
1828,captive,eiken
1829,clamor,eiken
1830,contrivance,eiken
1831,decoy,eiken
1832,epiphany,eiken
1833,equilibrium,eiken
1834,leeway,eiken
1835,leverage,eiken
1836,linkage,eiken
1837,migration,eiken
1838,periphery,eiken
1839,quantum,eiken
1840,quorum,eiken
1841,rancor,eiken
1842,ransom,eiken
1843,sabotage,eiken
1844,scapegoat,eiken
1845,scheme,eiken
1846,segregation,eiken
1847,seismology,eiken
1848,shackle,eiken
1849,showdown,eiken
1850,splinter,eiken
1851,spree,eiken
1852,stipend,eiken
1853,subsidence,eiken
1854,sway,eiken
1855,tariff,eiken
1856,testimonial,eiken
1857,triumph,eiken
1858,upshot,eiken
1859,verge,eiken
1860,simulation,eiken
1861,diatribe,eiken
1862,electoral,eiken
1863,incumbent,eiken
1864,aboveboard,eiken
1865,fatally,eiken
1866,neural,eiken
1867,ongoing,eiken
1868,flawed,eiken
1869,imposing,eiken
1870,mundane,eiken
1871,cohesive,eiken
1872,daunting,eiken
1873,disproportionately,eiken
1874,gallant,eiken
1875,hefty,eiken
1876,holistic,eiken
1877,interminable,eiken
1878,posthumously,eiken
1879,sustainable,eiken
1880,obsessive,eiken
1881,retentive,eiken
1882,venerable,eiken
1883,idiosyncratic,eiken
1884,condescending,eiken
1885,clairvoyant,eiken
1886,distractedly,eiken
1887,chaotic,eiken
1888,de facto,eiken
1889,state-of-the-art,eiken
1890,logistically,eiken
1891,tribally,eiken
1892,cardiovascular,eiken
1893,carnivorous,eiken
1894,potent,eiken
1895,arrogant,eiken
1896,acute,eiken
1897,astute,eiken
1898,preemptive,eiken
1899,prescient,eiken
1900,preferential,eiken
1901,prophetic,eiken
1902,provident,eiken
1903,prodigious,eiken
1904,profuse,eiken
1905,profane,eiken
1906,promiscuous,eiken
1907,probationary,eiken
1908,prolonged,eiken
1909,provincial,eiken
1910,provisional,eiken
1911,extraterrestrial,eiken
1912,exempt,eiken
1913,exorbitant,eiken
1914,extravagent,eiken
1915,fervent,eiken
1916,vehement,eiken
1917,frantic,eiken
1918,fanatically,eiken
1919,coherent,eiken
1920,constitutional,eiken
1921,cognitive,eiken
1922,contradictory,eiken
1923,controversial,eiken
1924,conciliatory,eiken
1925,defamatory,eiken
1926,deferential,eiken
1927,derisive,eiken
1928,despondent,eiken
1929,despicable,eiken
1930,diabolic,eiken
1931,disconcerting,eiken
1932,dismissive,eiken
1933,disparate,eiken
1934,dispensable,eiken
1935,dissenting,eiken
1936,distraught,eiken
1937,diminutive,eiken
1938,impalpable,eiken
1939,imperious,eiken
1940,impermeable,eiken
1941,implacable,eiken
1942,impregnable,eiken
1943,impersonal,eiken
1944,impudent,eiken
1945,stalwart,eiken
1946,staunch,eiken
1947,stolid,eiken
1948,suave,eiken
1949,incongruous,eiken
1950,inconsequential,eiken
1951,indiscriminate,eiken
1952,insidious,eiken
1953,insipid,eiken
1954,insolent,eiken
1955,insubstantial,eiken
1956,insurmountable,eiken
1957,intrepid,eiken
1958,indelible,eiken
1959,insolvent,eiken
1960,wanton,eiken
1961,abhorrent,eiken
1962,abominable,eiken
1963,heinous,eiken
1964,incremental,eiken
1965,indebted,eiken
1966,insurgent,eiken
1967,inflamed,eiken
1968,indignant,eiken
1969,incipient,eiken
1970,unabashedly,eiken
1971,untenable,eiken
1972,precipitous,eiken
1973,predatory,eiken
1974,presumptuous,eiken
1975,pretentious,eiken
1976,cagey,eiken
1977,cryptic,eiken
1978,furtive,eiken
1979,adversarial,eiken
1980,mutinous,eiken
1981,averse,eiken
1982,truculent,eiken
1983,abrasive,eiken
1984,irascible,eiken
1985,agrarian,eiken
1986,forensic,eiken
1987,ornithological,eiken
1988,statutory,eiken
1989,empirically,eiken
1990,erudite,eiken
1991,esoteric,eiken
1992,perilous,eiken
1993,pernicious,eiken
1994,intriguing,eiken
1995,intuitive,eiken
1996,incisive,eiken
1997,pungent,eiken
1998,rampant,eiken
1999,rapacious,eiken
2000,haggard,eiken
2001,harrowing,eiken
2002,glib,eiken
2003,verbose,eiken
2004,loquacious,eiken
2005,vociferous,eiken
2006,taciturn,eiken
2007,muffled,eiken
2008,boisterous,eiken
2009,rhetorically,eiken
2010,euphoric,eiken
2011,expedient,eiken
2012,felicitous,eiken
2013,languid,eiken
2014,sullen,eiken
2015,jaded,eiken
2016,morose,eiken
2017,fastidious,eiken
2018,malignant,eiken
2019,venomous,eiken
2020,virulent,eiken
2021,penitent,eiken
2022,ascetic,eiken
2023,juvenile,eiken
2024,adjunct,eiken
2025,analogous,eiken
2026,askew,eiken
2027,ablaze,eiken
2028,agape,eiken
2029,agnostic,eiken
2030,ambient,eiken
2031,anemic,eiken
2032,attuned,eiken
2033,burnished,eiken
2034,bungling,eiken
2035,cavernous,eiken
2036,inveterate,eiken
2037,cumulative,eiken
2038,fiendish,eiken
2039,fortuitously,eiken
2040,grudgingly,eiken
2041,ignominious,eiken
2042,irrevocable,eiken
2043,illiberal,eiken
2044,subversive,eiken
2045,iridescent,eiken
2046,kindred,eiken
2047,superficial,eiken
2048,malleable,eiken
2049,microscopically,eiken
2050,murky,eiken
2051,nimble,eiken
2052,onerous,eiken
2053,pallid,eiken
2054,phenomenal,eiken
2055,reprehensible,eiken
2056,sectarian,eiken
2057,seditious,eiken
2058,upscale,eiken
2059,void,eiken
2060,volatile,eiken
2061,bent,eiken
2062,berserk,eiken
2063,cerebral,eiken
2064,contingent,eiken
2065,culpable,eiken
2066,demure,eiken
2067,droll,eiken
2068,frigid,eiken
2069,gaunt,eiken
2070,gluttonous,eiken
2071,moot,eiken
2072,munificent,eiken
2073,narrowly,eiken
2074,notoriously,eiken
2075,oblique,eiken
2076,obtrusive,eiken
2077,odious,eiken
2078,ominus,eiken
2079,opulent,eiken
2080,famished,eiken
2081,recurrent,eiken
2082,replete,eiken
2083,senile,eiken
2084,sheer,eiken
2085,sleek,eiken
2086,snide,eiken
2087,sturdily,eiken
2088,sumptuous,eiken
2089,taut,eiken
2090,tenuous,eiken
2091,terse,eiken
2092,translucent,eiken
2093,upstage,eiken
2094,vigilant,eiken
2095,critical,eiken
2096,obtuse,eiken
2097,flawless,eiken
2098,intact,eiken
2099,voluptuous,eiken
2100,identical,eiken
