word_id,word
11001,artifice
11002,abate
11003,bile
11004,sultan
11005,abdicate
11006,lesion
11007,accede
11008,duchy
11009,arbitration
11010,allay
11011,hemorrhage
11012,amalgamate
11013,confederation
11014,incursion
11015,annihilate
11016,annexation
11017,municipality
11018,augment
11019,destitution
11020,beget
11021,iniquity
11022,decorum
11023,belie
11024,quary
11025,bilow
11026,capricious
11027,bode
11028,auspicious
11029,subversion
11030,cleave
11031,iris
11032,constrict
11033,corrode
11034,keel
11035,dinghy
11036,decentralize
11037,environs
11038,insecticide
11039,decimate
11040,detrimental
11041,noxious
11042,garish
11043,detract
11044,amphitheater
11045,arsenic
11046,dilate
11047,sorcerer
11048,wand
11049,leaden
11050,dissipate
11051,dribble
11052,trough
11053,tenement
11054,vantage
11055,drizzle
11056,armistice
11057,emancipate
11058,deforestation
11059,encroach
11060,periphery
11061,depletion
11062,engender
11063,squalid
11064,stubble
11065,epitomize
11066,vagabond
11067,exude
11068,stench
11069,precipitation
11070,fluctuate
11071,forfeit
11072,breadwinner
11073,orchid
11074,germinae
11075,conservatory
11076,sheath
11077,inlaid
11078,glint
11079,gurgle
11080,vale
11081,impinge
11082,oneness
11083,neurosis
11084,hypnosis
11085,interlock
11086,precipitous
11087,jut
11088,secluded
11089,insulation
11090,muffle
11091,mutilate
11092,haphazard
11093,patter
11094,hanger
11095,pstracism
11096,permeate
11097,despotic
11098,roundup
11099,polarize
11100,sedate
11101,presage
11102,cataclysm
11103,propagate
11104,genus
11105,narcissus
11106,cove
11107,periscope
11108,protrude
11109,senile
11110,recuperate
11111,typhoid
11112,zest
11113,rejuvenate
11114,resuscitate
11115,panacea
11116,coroner
11117,secluded
11118,fir
11119,smolder
11120,sod
11121,stagnate
11122,decadence
11123,hedonism
11124,supersede
11125,frugality
11126,tarry
11127,berth
11128,chivalry
11129,underpin
11130,valor
11131,kerosene
11132,waft
11133,incinerator
11134,wean
11135,aegis
11136,domicile
11137,beseech
11138,dilke
11139,orator
11140,canvass
11141,plebiscite
11142,chastise
11143,indemnity
11144,serviceman
11145,condescend
11146,nomad
11147,exponent
11148,deviate
11149,disseminate
11150,chauvinism
11151,embellish
11152,filial
11153,allegory
11154,enjoin
11155,claimant
11156,enunciate
11157,diction
11158,expound
11159,psalm
11160,depraved
11161,fiend
11162,imbue
11163,fallacy
11164,instigate
11165,foolhardy
11166,jeer
11167,attire
11168,pacify
11169,peevish
11170,conciliatory
11171,postulate
11172,salutary
11173,pedagogy
11174,reiterate
11175,volition
11176,suffrage
11177,sprightly
11178,reminisce
11179,memento
11180,retract
11181,altercation
11182,spar
11183,opinionated
11184,twitter
11185,interminable
11186,voluble
11187,extrovent
11188,vouch
11189,cavalry
11190,amble
11191,thoroughfare
11192,borough
11193,skipper
11194,batten
11195,tremulous
11196,cower
11197,dingy
11198,buggy
11199,creak
11200,detour
11201,unobtrusive
11202,matron
11203,cringe
11204,cavalier
11205,crochet
11206,frock
11207,visage
11208,daub
11209,sacrilegious
11210,denunciation
11211,daunt
11212,rostrum
11213,douse
11214,husk
11215,excavate
11216,casket
11217,extricate
11218,dune
11219,flail
11220,delirium
11221,flinch
11222,thud
11223,flit
11224,sprig
11225,nocturnal
11226,lynx
11227,lair
11228,forage
11229,garnish
11230,pheasant
11231,persimmon
11232,grate
11233,squid
11234,hiccup
11235,glutton
11236,hoist
11237,charlatan
11238,impersonate
11239,terminology
11240,nave
11241,inscribe
11242,gilt
11243,infatuation
11244,jostle
11245,resplendent
11246,flippant
11247,loiter
11248,canteen
11249,morose
11250,lubricate
11251,lathe
11252,lunge
11253,bison
11254,javelin
11255,escapade
11256,molest
11257,cessation
11258,pelt
11259,haggard
11260,plod
11261,glacial
11262,vulture
11263,pounce
11264,talon
11265,wicker
11266,sleigh
11267,pout
11268,mackerel
11269,nook
11270,purr
11271,condolence
11272,bereaved
11273,quaver 
11274,lattice
11275,ransack
11276,otter
11277,recoil
11278,hedgehog
11279,tempestuous
11280,ruffle
11281,surly 
11282,scowl
11283,antic
11284,scrabble
11285,cot
11286,padlock
11287,slacken
11288,gradient
11289,slither
11290,clump
11291,snip
11292,whisker
11293,snooze
11294,anteroom
11295,tongs
11296,squat
11297,squirt
11298,aviary
11299,antiseptic
11300,stow
11301,ballast
11302,suffocate
11303,convulsion
11304,epilepsy
11305,angler
11306,thrash
11307,scuffle
11308,totter
11309,unfurl
11310,deterrence
11311,detriment
11312,variegated
11313,warble
11314,roost
11315,infirm
11316,wheeze
11317,whimper
11318,mortuary
11319,wrest
11320,hatchet
11321,daft
11322,wriggle
11323,moat
11324,shin
11325,pike
11326,writhe
11327,alderman
11328,adjourn
11329,functionary
11330,peddler
11331,appraise
11332,stallion
11333,assail
11334,citadel
11335,promontory
11336,assay
11337,fluoride
11338,parson
11339,bandit
11340,atone
11341,bequeath
11342,sundry
11343,curio
11344,synod
11345,circumscribe
11346,laity
11347,crypt
11348,coddle
11349,bashful
11350,coerce
11351,atheist
11352,sabbath
11353,conciliate
11354,litigant
11355,reparation
11356,onlooker
11357,congregate
11358,fuselage
11359,consecrate
11360,jubilee
11361,coercion
11362,contravene
11363,assessor
11364,dally
11365,ledger
11366,drudgery
11367,contagion
11368,demoralize
11369,dislodge
11370,scum
11371,sediment
11372,sluice
11373,dissect
11374,sinew
11375,exhortation
11376,edify
11377,dejected
11378,veterinarian
11379,elucidate
11380,rabies
11381,embezzle
11382,kickback
11383,enshrine
11384,goblin
11385,talisman
11386,evict
11387,turnpike
11388,exorcise
11389,malevolent
11390,apparition
11391,expedite
11392,embankment
11393,extradite
11394,itinerant
11395,squatter
11396,devolution
11397,foreclose
11398,complainant
11399,grid
11400,rebuttal
11401,immunize
11402,mumps
11403,eviction
11404,infringe
11405,liquidate
11406,decrepit
11407,foundry
11408,modulate
11409,autism
11410,polemic
11411,negate
11412,ratification
11413,nullify
11414,bilateral
11415,saturation
11416,outwit
11417,sentry
11418,subterranean
11419,mercenary
11420,overrate
11421,throughbred
11422,armpit
11423,scruffy
11424,panhandle
11425,shifty
11426,pilfer
11427,satchel
11428,pillage
11429,vicinity
11430,procrastinate
11431,irksome
11432,proscribe
11433,sojourn
11434,raze
11435,dilapidated
11436,upmarket
11437,recompense
11438,bountiful
11439,gratuity
11440,redress
11441,welter
11442,reimburse
11443,outlay
11444,flora
11445,repatriate
11446,quarantine
11447,repudiate
11448,consignment
11449,futility
11450,rescind
11451,rummage
11452,urn
11453,toad
11454,secrete
11455,sequester
11456,cavern
11457,exemplar
11458,slough
11459,dermatologist
11460,sterilize
11461,subjugate
11462,kindred
11463,sewerage
11464,substantiate
11465,sulk
11466,brusque
11467,recrimination
11468,superimpose
11469,cactus
11470,vindictive
11471,swindle
11472,usurp
11473,forgery
11474,vacate
11475,tenancy
11476,vanquish
11477,mane
11478,wheedle
11479,docile
11480,whitewash
11481,concomitant
11482,heretic
11483,abhor
11484,swine
11485,bronchitis
11486,ail
11487,affront
11488,magnate
11489,antagonize
11490,friar
11491,blanch
11492,filth
11493,claustrophobia
11494,detest
11495,foyer
11496,eavesdrop
11497,exchequer
11498,emissary
11499,efface
11500,abominable
11501,slapstick
11502,hark
11503,puberty
11504,scruple
11505,impel
11506,diabolic
11507,keynote
11508,oscillate
11509,peruse
11510,copious
11511,peospectus
11512,chronology
11513,pique
11514,lagoon
11515,quench
11516,hoarse
11517,rasp
11518,caprice
11519,repulse
11520,revel
11521,accolade
11522,ruminate
11523,admonition
11524,seethe 
11525,impudent
11526,rejoinder
11527,tantalize
11528,finery
11529,tranquilize
11530,delirious
11531,terrestrial
11532,whet
11533,amphibian
11534,fung
11535,ewe
11536,fauna
11537,gill
11538,leech
11539,maggot
11540,membrance
11541,muzzle
11542,plumage
11543,quail
11544,rump
11545,sprite
11546,stag
11547,tadpole
11548,tentacle
11549,venom
11550,affectation
11551,cadence
11552,anorexia
11553,antigen
11554,balm
11555,biceps
11556,buttock
11557,carcinogen
11558,cataract
11559,cleavage
11560,colitis
11561,constipation
11562,convalescence
11563,dispensary
11564,esophagus
11565,glucose
11566,groin
11567,infirmity
11568,insomnia
11569,intoxication
11570,ligament
11571,lobe
11572,malady
11573,node
11574,nostril
11575,obstetrician
11576,ointment
11577,ovary
11578,pelvis
11579,physiology
11580,prognosis
11581,remission
11582,saliva
11583,serum
11584,tetanus
11585,wart
11586,xenophobia
11587,arousal
11588,articulation
11589,avarice
11590,benevolence
11591,consternation
11592,discomfiture
11593,elation
11594,exasperation
11595,fortitude
11596,gusto
11597,innuendo
11598,merriment
11599,mirth
11600,peal
11601,pomp
11602,predisposition
11603,premonition
11604,propensity
11605,stupor
11606,susceptibility
11607,vulgarity
11608,obituary
11609,ode
11610,pigment
11611,reverie
11612,tableau
11613,adage
11614,assimilation
11615,blasphemy
11616,cant
11617,cognition
11618,concordance
11619,connotation
11620,corollary 
11621,demography
11622,dichotomy
11623,dissertation
11624,ellipse
11625,fabrication
11626,feasibility
11627,fission
11628,introspection
11629,lisp
11630,overtone
11631,penance
11632,precept
11633,prerequisite
11634,solvent
11635,synopsis
11636,syntax
11637,thesaurus
11638,vector
11639,zodiac
11640,inception
11641,intrelude
11642,itinerary
11643,solstice
11644,zenith
11645,acorn
11646,algae
11647,bromide
11648,chlorine
11649,combustion
11650,compost
11651,eddy
11652,fern
11653,foliage
11654,lava
11655,nettle
11656,nitrate
11657,oxide
11658,phosphorus
11659,poppy
11660,potassium
11661,rind
11662,baloney
11663,blemish
11664,crease
11665,decoy
11666,delineation
11667,embroidery
11668,fleece
11669,fluff
11670,froth
11671,hearsay
11672,hem
11673,knell
11674,matrimony
11675,muck
11676,sabbatical
11677,smudge
11678,subsistence
11679,thatch
11680,ventilation
11681,vestige
11682,wavelength
11683,accession
11684,acclamation
11685,acquiescence
11686,amends
11687,amity
11688,brunt 
11689,collusion
11690,consummation
11691,corroboration
11692,crucifixion
11693,debit
11694,delinquency
11695,deliverance
11696,furlough
11697,induction
11698,mutiny
11699,offshoot
11700,onus
11701,passbook
11702,predponderance
11703,prerogative
11704,proviso
11705,quorum
11706,reprieve
11707,restitution
11708,schism
11709,secession
11710,slander
11711,sortie
11712,stead
11713,stricture
11714,tithe
11715,chaff
11716,fudge
11717,galley
11718,pellet
11719,alignment
11720,bale
11721,brevity
11722,crux
11723,dab
11724,dissonance
11725,doldrums
11726,epitome
11727,forte
11728,incongruity
11729,mite
11730,naught
11731,nil
11732,pall
11733,plethora
11734,precedence
11735,profusion
11736,ramification
11737,shoal
11738,acreage
11739,antithesis
11740,aperture
11741,apex
11742,circumference
11743,confluence
11744,cordon
11745,crevice
11746,demarcation
11747,fissure
11748,gully
11749,inlet
11750,juxtaposition
11751,locus
11752,longitude
11753,precipice
11754,rut
11755,squalor
11756,stratum
11757,tether
11758,topography
11759,tropic
11760,whirlpool
11761,aggregation
11762,chum
11763,clairvoyant
11764,constellation
11765,gentile
11766,hermit
11767,manipulator
11768,recluse
11769,stenographert
11770,anvil
11771,barrow
11772,bridle
11773,bunk
11774,canopy
11775,carousel
11776,cistern
11777,confetti
11778,coop
11779,graphite
11780,harrow
11781,kiln
11782,molding
11783,projectile
11784,rotor
11785,rudder
11786,sieve
11787,spire
11788,thimble
11789,trident
11790,upholstery
11791,vane
11792,vat
11793,adjunct
11794,ancillary
11795,auxiliary
11796,diagonal
11797,discrete
11798,divergent
11799,incongruous
11800,lateral
11801,miscellaneous
11802,oblique
11803,ostensible
11804,perpendicular
11805,piecemeal
11806,plumb
11807,cryptic
11808,dialectic
11809,ecclesiastical
11810,esoteric
11811,interdisciplinary
11812,lucid
11813,monastic
11814,moot
11815,omnipotent
11816,omniscient
11817,pedantic
11818,polyglot
11819,ponderous
11820,schematic
11821,semantic
11822,abdominal
11823,callous
11824,disheveled
11825,distal
11826,equestrain
11827,flabby
11828,gaunt
11829,inert
11830,kienetic
11831,lethargic
11832,listless
11833,lusty
11834,pathological
11835,prostrate
11836,ruddy
11837,sedentary
11838,stocky
11839,abhorrent
11840,acrid
11841,averse
11842,deafening
11843,deplorable
11844,derisive
11845,derogatory
11846,despondent
11847,diffident
11848,downcast
11849,effervescent
11850,facetious
11851,fastidious
11852,ignoble
11853,impassive
11854,inadvertent
11855,insipid
11856,jovial
11857,languid
11858,lenient
11859,nonchalant
11860,nondescript
11861,pensive
11862,petulant
11863,plaintive
11864,porous
11865,prosaic
11866,pungent
11867,rapt
11868,repellent
11869,squeamish
11870,vociferous
11871,voluptuous
11872,airtight
11873,caustic
11874,chaste
11875,concave
11876,derelict
11877,earthen
11878,fluffy
11879,futive
11880,grubby
11881,hackneyed
11882,homogeneous
11883,humdrum
11884,immaculate
11885,impervious
11886,incandescent
11887,inscrutable
11888,intangible
11889,legible
11890,lithe
11891,menial
11892,ostentatious
11893,peppery
11894,privy
11895,promiscuous
11896,replete
11897,salient
11898,sodden
11899,soggy
11900,squrious
11901,stealthy
11902,stuffy
11903,threadbare
11904,trite
11905,ungainly
11906,unkempt
11907,unscathed
11908,urbane
11909,venomous
11910,antecedent
11911,binary
11912,binocular
11913,embryonic
11914,ephemeral
11915,exorbitant
11916,extemporaneous
11917,fitful
11918,immemorial
11919,impetuous
11920,irrevocable
11921,posthumous
11922,primordial
11923,rudimentary
11924,tardy
11925,transitory
11926,agile
11927,amenable
11928,blithe
11929,circumspect
11930,compliant
11931,demure
11932,discerning
11933,fussy
11934,gullible
11935,impertinent
11936,incredulous
11937,indolent
11938,infallible
11939,inquisitive
11940,insolent
11941,insular
11942,judicious
11943,obtrusive
11944,overbearing
11945,pert
11946,pompous
11947,primordial
11948,sagacious
11949,servile
11950,slovenly
11951,spruce
11952,thrifty
11953,truant
11954,uncouth
11955,valiant
11956,virle
11957,vivacious
11958,abject
11959,agrarian
11960,eagalitarian
11961,expedient
11962,ineligible
11963,onerous
11964,prodigal
11965,untenable
11966,vested
11967,arable
11968,bovine
11969,succulent
11970,sultry
11971,cursory
11972,foolproof
11973,gratuitous
11974,illustrious
11975,immaterial
11976,insurmountable
11977,irredeemable
11978,laudable
11979,omnivorous
11980,optimal
11981,optimum
11982,perfunctory
11983,plenary
11984,residual
11985,specious
11986,stupendous
11987,succinct
11988,undue
11989,unequivacal
11990,unscrupulous
11991,vehement
11992,wanton
11993,wont
11994,abreast
11995,afield
11996,aft
11997,astern
11998,asunder
11999,therein
12000,afoot